<?xml version="1.0" encoding="ISO-8859-1" ?>
<link_info>
   <banner>TI ARM Clang Linker PC v4.0.2.LTS</banner>
   <copyright>Copyright (c) 1996-2018 Texas Instruments Incorporated</copyright>
   <command_line>C:\ti\ccs2010\ccs\tools\compiler\ti-cgt-armllvm_4.0.2.LTS\bin\tiarmlnk -IC:\ti\ccs2010\ccs\tools\compiler\ti-cgt-armllvm_4.0.2.LTS\lib -o empty_LP_MSPM0G3507_nortos_ticlang.out -mempty_LP_MSPM0G3507_nortos_ticlang.map -iC:/ti/mspm0_sdk_2_01_00_03/source -iC:/Users/Ventura/workspace_ccstheia/empty_LP_MSPM0G3507_nortos_ticlang -iC:/Users/Ventura/workspace_ccstheia/empty_LP_MSPM0G3507_nortos_ticlang/Debug/syscfg -iC:/ti/ccs2010/ccs/tools/compiler/ti-cgt-armllvm_4.0.2.LTS/lib --diag_wrap=off --display_error_number --warn_sections --xml_link_info=empty_LP_MSPM0G3507_nortos_ticlang_linkInfo.xml --rom_model ./empty.o ./ti_msp_dl_config.o ./startup_mspm0g350x_ticlang.o ./Hardware/ADC.o -l./device_linker.cmd -ldevice.cmd.genlibs -llibc.a --start-group -llibc++.a -llibc++abi.a -llibc.a -llibsys.a -llibsysbm.a -llibclang_rt.builtins.a -llibclang_rt.profile.a --end-group --cg_opt_level=2</command_line>
   <link_time>0x67f31b42</link_time>
   <link_errors>0x0</link_errors>
   <output_file>C:\Users\Ventura\workspace_ccstheia\empty_LP_MSPM0G3507_nortos_ticlang\Debug\empty_LP_MSPM0G3507_nortos_ticlang.out</output_file>
   <entry_point>
      <name>_c_int00_noargs</name>
      <address>0x47d</address>
   </entry_point>
   <input_file_list>
      <input_file id="fl-1">
         <path>C:\Users\Ventura\workspace_ccstheia\empty_LP_MSPM0G3507_nortos_ticlang\Debug\.\</path>
         <kind>object</kind>
         <file>empty.o</file>
         <name>empty.o</name>
      </input_file>
      <input_file id="fl-2">
         <path>C:\Users\Ventura\workspace_ccstheia\empty_LP_MSPM0G3507_nortos_ticlang\Debug\.\</path>
         <kind>object</kind>
         <file>ti_msp_dl_config.o</file>
         <name>ti_msp_dl_config.o</name>
      </input_file>
      <input_file id="fl-3">
         <path>C:\Users\Ventura\workspace_ccstheia\empty_LP_MSPM0G3507_nortos_ticlang\Debug\.\</path>
         <kind>object</kind>
         <file>startup_mspm0g350x_ticlang.o</file>
         <name>startup_mspm0g350x_ticlang.o</name>
      </input_file>
      <input_file id="fl-4">
         <path>C:\Users\Ventura\workspace_ccstheia\empty_LP_MSPM0G3507_nortos_ticlang\Debug\.\Hardware\</path>
         <kind>object</kind>
         <file>ADC.o</file>
         <name>ADC.o</name>
      </input_file>
      <input_file id="fl-11">
         <path>C:\Users\Ventura\workspace_ccstheia\empty_LP_MSPM0G3507_nortos_ticlang\Debug\</path>
         <kind>object</kind>
         <file>&lt;internal&gt;</file>
         <name>&lt;internal&gt;</name>
      </input_file>
      <input_file id="fl-12">
         <path>C:\ti\mspm0_sdk_2_01_00_03\source\ti\driverlib\lib\ticlang\m0p\mspm0g1x0x_g3x0x\</path>
         <kind>archive</kind>
         <file>driverlib.a</file>
         <name>dl_adc12.o</name>
      </input_file>
      <input_file id="fl-13">
         <path>C:\ti\mspm0_sdk_2_01_00_03\source\ti\driverlib\lib\ticlang\m0p\mspm0g1x0x_g3x0x\</path>
         <kind>archive</kind>
         <file>driverlib.a</file>
         <name>dl_common.o</name>
      </input_file>
      <input_file id="fl-14">
         <path>C:\ti\mspm0_sdk_2_01_00_03\source\ti\driverlib\lib\ticlang\m0p\mspm0g1x0x_g3x0x\</path>
         <kind>archive</kind>
         <file>driverlib.a</file>
         <name>dl_dma.o</name>
      </input_file>
      <input_file id="fl-2b">
         <path>C:\ti\ccs2010\ccs\tools\compiler\ti-cgt-armllvm_4.0.2.LTS\lib\armv6m-ti-none-eabi\c\</path>
         <kind>archive</kind>
         <file>libc.a</file>
         <name>boot_cortex_m.c.obj</name>
      </input_file>
      <input_file id="fl-2c">
         <path>C:\ti\ccs2010\ccs\tools\compiler\ti-cgt-armllvm_4.0.2.LTS\lib\armv6m-ti-none-eabi\c\</path>
         <kind>archive</kind>
         <file>libc.a</file>
         <name>mathacl_init.c.obj</name>
      </input_file>
      <input_file id="fl-2d">
         <path>C:\ti\ccs2010\ccs\tools\compiler\ti-cgt-armllvm_4.0.2.LTS\lib\armv6m-ti-none-eabi\c\</path>
         <kind>archive</kind>
         <file>libc.a</file>
         <name>autoinit.c.obj</name>
      </input_file>
      <input_file id="fl-2e">
         <path>C:\ti\ccs2010\ccs\tools\compiler\ti-cgt-armllvm_4.0.2.LTS\lib\armv6m-ti-none-eabi\c\</path>
         <kind>archive</kind>
         <file>libc.a</file>
         <name>pre_init.c.obj</name>
      </input_file>
      <input_file id="fl-2f">
         <path>C:\ti\ccs2010\ccs\tools\compiler\ti-cgt-armllvm_4.0.2.LTS\lib\armv6m-ti-none-eabi\c\</path>
         <kind>archive</kind>
         <file>libc.a</file>
         <name>cpy_tbl.c.obj</name>
      </input_file>
      <input_file id="fl-30">
         <path>C:\ti\ccs2010\ccs\tools\compiler\ti-cgt-armllvm_4.0.2.LTS\lib\armv6m-ti-none-eabi\c\</path>
         <kind>archive</kind>
         <file>libc.a</file>
         <name>copy_zero_init.c.obj</name>
      </input_file>
      <input_file id="fl-31">
         <path>C:\ti\ccs2010\ccs\tools\compiler\ti-cgt-armllvm_4.0.2.LTS\lib\armv6m-ti-none-eabi\c\</path>
         <kind>archive</kind>
         <file>libc.a</file>
         <name>copy_decompress_none.c.obj</name>
      </input_file>
      <input_file id="fl-32">
         <path>C:\ti\ccs2010\ccs\tools\compiler\ti-cgt-armllvm_4.0.2.LTS\lib\armv6m-ti-none-eabi\c\</path>
         <kind>archive</kind>
         <file>libc.a</file>
         <name>copy_decompress_lzss.c.obj</name>
      </input_file>
      <input_file id="fl-33">
         <path>C:\ti\ccs2010\ccs\tools\compiler\ti-cgt-armllvm_4.0.2.LTS\lib\armv6m-ti-none-eabi\c\</path>
         <kind>archive</kind>
         <file>libc.a</file>
         <name>exit.c.obj</name>
      </input_file>
      <input_file id="fl-34">
         <path>C:\ti\ccs2010\ccs\tools\compiler\ti-cgt-armllvm_4.0.2.LTS\lib\armv6m-ti-none-eabi\c\</path>
         <kind>archive</kind>
         <file>libc.a</file>
         <name>_lock.c.obj</name>
      </input_file>
      <input_file id="fl-35">
         <path>C:\ti\ccs2010\ccs\tools\compiler\ti-cgt-armllvm_4.0.2.LTS\lib\armv6m-ti-none-eabi\c\</path>
         <kind>archive</kind>
         <file>libc.a</file>
         <name>args_main.c.obj</name>
      </input_file>
      <input_file id="fl-d5">
         <path>C:\ti\ccs2010\ccs\tools\compiler\ti-cgt-armllvm_4.0.2.LTS\lib\armv6m-ti-none-eabi\c\</path>
         <kind>archive</kind>
         <file>libsysbm.a</file>
         <name>hostexit.c.obj</name>
      </input_file>
      <input_file id="fl-d6">
         <path>C:\ti\ccs2010\ccs\tools\compiler\ti-cgt-armllvm_4.0.2.LTS\lib\armv6m-ti-none-eabi\</path>
         <kind>archive</kind>
         <file>libclang_rt.builtins.a</file>
         <name>aeabi_memcpy.S.obj</name>
      </input_file>
      <input_file id="fl-d7">
         <path>C:\ti\ccs2010\ccs\tools\compiler\ti-cgt-armllvm_4.0.2.LTS\lib\armv6m-ti-none-eabi\</path>
         <kind>archive</kind>
         <file>libclang_rt.builtins.a</file>
         <name>aeabi_memset.S.obj</name>
      </input_file>
      <input_file id="fl-d8">
         <path>C:\ti\ccs2010\ccs\tools\compiler\ti-cgt-armllvm_4.0.2.LTS\lib\armv6m-ti-none-eabi\c\</path>
         <kind>archive</kind>
         <file>libc.a</file>
         <name>memcpy16.S.obj</name>
      </input_file>
      <input_file id="fl-d9">
         <path>C:\ti\ccs2010\ccs\tools\compiler\ti-cgt-armllvm_4.0.2.LTS\lib\armv6m-ti-none-eabi\c\</path>
         <kind>archive</kind>
         <file>libc.a</file>
         <name>memset16.S.obj</name>
      </input_file>
   </input_file_list>
   <object_component_list>
      <object_component id="oc-18">
         <name>.intvecs</name>
         <load_address>0x0</load_address>
         <readonly>true</readonly>
         <run_address>0x0</run_address>
         <size>0xc0</size>
         <alignment>0x4</alignment>
         <input_file_ref idref="fl-3"/>
      </object_component>
      <object_component id="oc-b2">
         <name>.text.SYSCFG_DL_ADC12_1_init</name>
         <load_address>0xc0</load_address>
         <readonly>true</readonly>
         <executable>true</executable>
         <run_address>0xc0</run_address>
         <size>0x84</size>
         <alignment>0x4</alignment>
         <input_file_ref idref="fl-2"/>
      </object_component>
      <object_component id="oc-b3">
         <name>.text.SYSCFG_DL_ADC12_0_init</name>
         <load_address>0x144</load_address>
         <readonly>true</readonly>
         <executable>true</executable>
         <run_address>0x144</run_address>
         <size>0x7c</size>
         <alignment>0x4</alignment>
         <input_file_ref idref="fl-2"/>
      </object_component>
      <object_component id="oc-6c">
         <name>.text.main</name>
         <load_address>0x1c0</load_address>
         <readonly>true</readonly>
         <executable>true</executable>
         <run_address>0x1c0</run_address>
         <size>0x64</size>
         <alignment>0x4</alignment>
         <input_file_ref idref="fl-1"/>
      </object_component>
      <object_component id="oc-ad">
         <name>.text:memset</name>
         <load_address>0x224</load_address>
         <readonly>true</readonly>
         <executable>true</executable>
         <run_address>0x224</run_address>
         <size>0x62</size>
         <alignment>0x1</alignment>
         <input_file_ref idref="fl-d9"/>
      </object_component>
      <object_component id="oc-33">
         <name>.text.Default_Handler</name>
         <load_address>0x286</load_address>
         <readonly>true</readonly>
         <executable>true</executable>
         <run_address>0x286</run_address>
         <size>0x2</size>
         <alignment>0x2</alignment>
         <input_file_ref idref="fl-3"/>
      </object_component>
      <object_component id="oc-e8">
         <name>.text.DL_DMA_initChannel</name>
         <load_address>0x288</load_address>
         <readonly>true</readonly>
         <executable>true</executable>
         <run_address>0x288</run_address>
         <size>0x4c</size>
         <alignment>0x4</alignment>
         <input_file_ref idref="fl-14"/>
      </object_component>
      <object_component id="oc-ce">
         <name>.text.DL_ADC12_setClockConfig</name>
         <load_address>0x2d4</load_address>
         <readonly>true</readonly>
         <executable>true</executable>
         <run_address>0x2d4</run_address>
         <size>0x40</size>
         <alignment>0x4</alignment>
         <input_file_ref idref="fl-12"/>
      </object_component>
      <object_component id="oc-b0">
         <name>.text.SYSCFG_DL_SYSCTL_init</name>
         <load_address>0x314</load_address>
         <readonly>true</readonly>
         <executable>true</executable>
         <run_address>0x314</run_address>
         <size>0x40</size>
         <alignment>0x4</alignment>
         <input_file_ref idref="fl-2"/>
      </object_component>
      <object_component id="oc-ae">
         <name>.text.SYSCFG_DL_initPower</name>
         <load_address>0x354</load_address>
         <readonly>true</readonly>
         <executable>true</executable>
         <run_address>0x354</run_address>
         <size>0x40</size>
         <alignment>0x4</alignment>
         <input_file_ref idref="fl-2"/>
      </object_component>
      <object_component id="oc-95">
         <name>.text:__TI_auto_init_nobinit_nopinit</name>
         <load_address>0x394</load_address>
         <readonly>true</readonly>
         <executable>true</executable>
         <run_address>0x394</run_address>
         <size>0x3c</size>
         <alignment>0x4</alignment>
         <input_file_ref idref="fl-2d"/>
      </object_component>
      <object_component id="oc-af">
         <name>.text.SYSCFG_DL_GPIO_init</name>
         <load_address>0x3d0</load_address>
         <readonly>true</readonly>
         <executable>true</executable>
         <run_address>0x3d0</run_address>
         <size>0x30</size>
         <alignment>0x4</alignment>
         <input_file_ref idref="fl-2"/>
      </object_component>
      <object_component id="oc-8c">
         <name>.text.ADC_two_Init</name>
         <load_address>0x400</load_address>
         <readonly>true</readonly>
         <executable>true</executable>
         <run_address>0x400</run_address>
         <size>0x2c</size>
         <alignment>0x4</alignment>
         <input_file_ref idref="fl-4"/>
      </object_component>
      <object_component id="oc-34">
         <name>.text.ADC0_IRQHandler</name>
         <load_address>0x42c</load_address>
         <readonly>true</readonly>
         <executable>true</executable>
         <run_address>0x42c</run_address>
         <size>0x28</size>
         <alignment>0x4</alignment>
         <input_file_ref idref="fl-1"/>
      </object_component>
      <object_component id="oc-39">
         <name>.text.ADC1_IRQHandler</name>
         <load_address>0x454</load_address>
         <readonly>true</readonly>
         <executable>true</executable>
         <run_address>0x454</run_address>
         <size>0x28</size>
         <alignment>0x4</alignment>
         <input_file_ref idref="fl-1"/>
      </object_component>
      <object_component id="oc-55">
         <name>.text:_c_int00_noargs</name>
         <load_address>0x47c</load_address>
         <readonly>true</readonly>
         <executable>true</executable>
         <run_address>0x47c</run_address>
         <size>0x28</size>
         <alignment>0x4</alignment>
         <input_file_ref idref="fl-2b"/>
      </object_component>
      <object_component id="oc-86">
         <name>.text.setupDMA</name>
         <load_address>0x4a4</load_address>
         <readonly>true</readonly>
         <executable>true</executable>
         <run_address>0x4a4</run_address>
         <size>0x20</size>
         <alignment>0x2</alignment>
         <input_file_ref idref="fl-4"/>
      </object_component>
      <object_component id="oc-81">
         <name>.text.SYSCFG_DL_init</name>
         <load_address>0x4c4</load_address>
         <readonly>true</readonly>
         <executable>true</executable>
         <run_address>0x4c4</run_address>
         <size>0x1c</size>
         <alignment>0x2</alignment>
         <input_file_ref idref="fl-2"/>
      </object_component>
      <object_component id="oc-d7">
         <name>.text.SYSCFG_DL_DMA_CH0_init</name>
         <load_address>0x4e0</load_address>
         <readonly>true</readonly>
         <executable>true</executable>
         <run_address>0x4e0</run_address>
         <size>0x18</size>
         <alignment>0x4</alignment>
         <input_file_ref idref="fl-2"/>
      </object_component>
      <object_component id="oc-d6">
         <name>.text.SYSCFG_DL_DMA_CH1_init</name>
         <load_address>0x4f8</load_address>
         <readonly>true</readonly>
         <executable>true</executable>
         <run_address>0x4f8</run_address>
         <size>0x18</size>
         <alignment>0x4</alignment>
         <input_file_ref idref="fl-2"/>
      </object_component>
      <object_component id="oc-52">
         <name>.text:decompress:ZI</name>
         <load_address>0x510</load_address>
         <readonly>true</readonly>
         <executable>true</executable>
         <run_address>0x510</run_address>
         <size>0x10</size>
         <alignment>0x2</alignment>
         <input_file_ref idref="fl-30"/>
      </object_component>
      <object_component id="oc-b4">
         <name>.text.SYSCFG_DL_DMA_init</name>
         <load_address>0x520</load_address>
         <readonly>true</readonly>
         <executable>true</executable>
         <run_address>0x520</run_address>
         <size>0xc</size>
         <alignment>0x2</alignment>
         <input_file_ref idref="fl-2"/>
      </object_component>
      <object_component id="oc-63">
         <name>.text.__aeabi_memclr</name>
         <load_address>0x52c</load_address>
         <readonly>true</readonly>
         <executable>true</executable>
         <run_address>0x52c</run_address>
         <size>0xc</size>
         <alignment>0x4</alignment>
         <input_file_ref idref="fl-d7"/>
      </object_component>
      <object_component id="oc-ca">
         <name>.text.DL_Common_delayCycles</name>
         <load_address>0x538</load_address>
         <readonly>true</readonly>
         <executable>true</executable>
         <run_address>0x538</run_address>
         <size>0xa</size>
         <alignment>0x2</alignment>
         <input_file_ref idref="fl-13"/>
      </object_component>
      <object_component id="oc-8e">
         <name>.text:abort</name>
         <load_address>0x542</load_address>
         <readonly>true</readonly>
         <executable>true</executable>
         <run_address>0x542</run_address>
         <size>0x6</size>
         <alignment>0x2</alignment>
         <input_file_ref idref="fl-33"/>
      </object_component>
      <object_component id="oc-b9">
         <name>.text.HOSTexit</name>
         <load_address>0x548</load_address>
         <readonly>true</readonly>
         <executable>true</executable>
         <run_address>0x548</run_address>
         <size>0x4</size>
         <alignment>0x2</alignment>
         <input_file_ref idref="fl-d5"/>
      </object_component>
      <object_component id="oc-2f">
         <name>.text.Reset_Handler</name>
         <load_address>0x54c</load_address>
         <readonly>true</readonly>
         <executable>true</executable>
         <run_address>0x54c</run_address>
         <size>0x4</size>
         <alignment>0x2</alignment>
         <input_file_ref idref="fl-3"/>
      </object_component>
      <object_component id="oc-68">
         <name>.text._system_pre_init</name>
         <load_address>0x550</load_address>
         <readonly>true</readonly>
         <executable>true</executable>
         <run_address>0x550</run_address>
         <size>0x4</size>
         <alignment>0x2</alignment>
         <input_file_ref idref="fl-2e"/>
      </object_component>
      <object_component id="oc-132">
         <name>.cinit..bss.load</name>
         <load_address>0x598</load_address>
         <readonly>true</readonly>
         <run_address>0x598</run_address>
         <size>0x8</size>
         <alignment>0x4</alignment>
      </object_component>
      <object_component id="oc-130">
         <name>__TI_handler_table</name>
         <load_address>0x5a0</load_address>
         <readonly>true</readonly>
         <run_address>0x5a0</run_address>
         <size>0x4</size>
         <alignment>0x4</alignment>
      </object_component>
      <object_component id="oc-131">
         <name>__TI_cinit_table</name>
         <load_address>0x5a4</load_address>
         <readonly>true</readonly>
         <run_address>0x5a4</run_address>
         <size>0x8</size>
         <alignment>0x4</alignment>
      </object_component>
      <object_component id="oc-ed">
         <name>.rodata.gDMA_CH0Config</name>
         <load_address>0x558</load_address>
         <readonly>true</readonly>
         <run_address>0x558</run_address>
         <size>0x18</size>
         <alignment>0x4</alignment>
         <input_file_ref idref="fl-2"/>
      </object_component>
      <object_component id="oc-ec">
         <name>.rodata.gDMA_CH1Config</name>
         <load_address>0x570</load_address>
         <readonly>true</readonly>
         <run_address>0x570</run_address>
         <size>0x18</size>
         <alignment>0x4</alignment>
         <input_file_ref idref="fl-2"/>
      </object_component>
      <object_component id="oc-d5">
         <name>.rodata.gADC12_0ClockConfig</name>
         <load_address>0x588</load_address>
         <readonly>true</readonly>
         <run_address>0x588</run_address>
         <size>0x8</size>
         <alignment>0x4</alignment>
         <input_file_ref idref="fl-2"/>
      </object_component>
      <object_component id="oc-d4">
         <name>.rodata.gADC12_1ClockConfig</name>
         <load_address>0x590</load_address>
         <readonly>true</readonly>
         <run_address>0x590</run_address>
         <size>0x8</size>
         <alignment>0x4</alignment>
         <input_file_ref idref="fl-2"/>
      </object_component>
      <object_component id="oc-fa">
         <name>.binit</name>
         <load_address>0x0</load_address>
         <readonly>true</readonly>
         <run_address>0x0</run_address>
         <size>0x0</size>
         <alignment>0x4</alignment>
      </object_component>
      <object_component id="oc-8d">
         <name>.common:gADCSamples</name>
         <uninitialized>true</uninitialized>
         <readwrite>true</readwrite>
         <run_address>0x20200000</run_address>
         <size>0x1000</size>
         <alignment>0x2</alignment>
      </object_component>
      <object_component id="oc-5c">
         <name>.common:gCheckADC</name>
         <uninitialized>true</uninitialized>
         <readwrite>true</readwrite>
         <run_address>0x20201000</run_address>
         <size>0x1</size>
         <alignment>0x1</alignment>
      </object_component>
      <object_component id="oc-1a">
         <name>.stack</name>
         <uninitialized>true</uninitialized>
         <readwrite>true</readwrite>
         <run_address>0x20207e00</run_address>
         <size>0x4</size>
         <alignment>0x4</alignment>
         <input_file_ref idref="fl-2b"/>
      </object_component>
      <object_component id="oc-134">
         <name>.stack</name>
         <uninitialized>true</uninitialized>
         <readwrite>true</readwrite>
         <run_address>0x20207e00</run_address>
         <size>0x0</size>
         <alignment>0x8</alignment>
      </object_component>
      <object_component id="oc-5d">
         <name>.debug_abbrev</name>
         <load_address>0x0</load_address>
         <run_address>0x0</run_address>
         <size>0x152</size>
         <alignment>0x1</alignment>
         <input_file_ref idref="fl-1"/>
      </object_component>
      <object_component id="oc-b5">
         <name>.debug_abbrev</name>
         <load_address>0x152</load_address>
         <run_address>0x152</run_address>
         <size>0x1d7</size>
         <alignment>0x1</alignment>
         <input_file_ref idref="fl-2"/>
      </object_component>
      <object_component id="oc-3a">
         <name>.debug_abbrev</name>
         <load_address>0x329</load_address>
         <run_address>0x329</run_address>
         <size>0x6d</size>
         <alignment>0x1</alignment>
         <input_file_ref idref="fl-3"/>
      </object_component>
      <object_component id="oc-b7">
         <name>.debug_abbrev</name>
         <load_address>0x396</load_address>
         <run_address>0x396</run_address>
         <size>0x184</size>
         <alignment>0x1</alignment>
         <input_file_ref idref="fl-4"/>
      </object_component>
      <object_component id="oc-e6">
         <name>.debug_abbrev</name>
         <load_address>0x51a</load_address>
         <run_address>0x51a</run_address>
         <size>0x171</size>
         <alignment>0x1</alignment>
         <input_file_ref idref="fl-12"/>
      </object_component>
      <object_component id="oc-e3">
         <name>.debug_abbrev</name>
         <load_address>0x68b</load_address>
         <run_address>0x68b</run_address>
         <size>0x62</size>
         <alignment>0x1</alignment>
         <input_file_ref idref="fl-13"/>
      </object_component>
      <object_component id="oc-ee">
         <name>.debug_abbrev</name>
         <load_address>0x6ed</load_address>
         <run_address>0x6ed</run_address>
         <size>0x182</size>
         <alignment>0x1</alignment>
         <input_file_ref idref="fl-14"/>
      </object_component>
      <object_component id="oc-3c">
         <name>.debug_abbrev</name>
         <load_address>0x86f</load_address>
         <run_address>0x86f</run_address>
         <size>0xaf</size>
         <alignment>0x1</alignment>
         <input_file_ref idref="fl-2b"/>
      </object_component>
      <object_component id="oc-c3">
         <name>.debug_abbrev</name>
         <load_address>0x91e</load_address>
         <run_address>0x91e</run_address>
         <size>0x170</size>
         <alignment>0x1</alignment>
         <input_file_ref idref="fl-2d"/>
      </object_component>
      <object_component id="oc-7f">
         <name>.debug_abbrev</name>
         <load_address>0xa8e</load_address>
         <run_address>0xa8e</run_address>
         <size>0x39</size>
         <alignment>0x1</alignment>
         <input_file_ref idref="fl-2e"/>
      </object_component>
      <object_component id="oc-61">
         <name>.debug_abbrev</name>
         <load_address>0xac7</load_address>
         <run_address>0xac7</run_address>
         <size>0xc2</size>
         <alignment>0x1</alignment>
         <input_file_ref idref="fl-30"/>
      </object_component>
      <object_component id="oc-bd">
         <name>.debug_abbrev</name>
         <load_address>0xb89</load_address>
         <run_address>0xb89</run_address>
         <size>0x98</size>
         <alignment>0x1</alignment>
         <input_file_ref idref="fl-33"/>
      </object_component>
      <object_component id="oc-d8">
         <name>.debug_abbrev</name>
         <load_address>0xc21</load_address>
         <run_address>0xc21</run_address>
         <size>0x2c</size>
         <alignment>0x1</alignment>
         <input_file_ref idref="fl-d5"/>
      </object_component>
      <object_component id="oc-7e">
         <name>.debug_abbrev</name>
         <load_address>0xc4d</load_address>
         <run_address>0xc4d</run_address>
         <size>0x25</size>
         <alignment>0x1</alignment>
         <input_file_ref idref="fl-d7"/>
      </object_component>
      <object_component id="oc-c9">
         <name>.debug_abbrev</name>
         <load_address>0xc72</load_address>
         <run_address>0xc72</run_address>
         <size>0x25</size>
         <alignment>0x1</alignment>
         <input_file_ref idref="fl-d9"/>
      </object_component>
      <object_component id="oc-136">
         <name>.debug_abbrev</name>
         <load_address>0xc97</load_address>
         <run_address>0xc97</run_address>
         <size>0xf</size>
         <alignment>0x0</alignment>
      </object_component>
      <object_component id="oc-35">
         <name>.debug_info</name>
         <load_address>0x0</load_address>
         <run_address>0x0</run_address>
         <size>0xa7d</size>
         <alignment>0x1</alignment>
         <input_file_ref idref="fl-1"/>
      </object_component>
      <object_component id="oc-82">
         <name>.debug_info</name>
         <load_address>0xa7d</load_address>
         <run_address>0xa7d</run_address>
         <size>0x3429</size>
         <alignment>0x1</alignment>
         <input_file_ref idref="fl-2"/>
      </object_component>
      <object_component id="oc-19">
         <name>.debug_info</name>
         <load_address>0x3ea6</load_address>
         <run_address>0x3ea6</run_address>
         <size>0x80</size>
         <alignment>0x1</alignment>
         <input_file_ref idref="fl-3"/>
      </object_component>
      <object_component id="oc-89">
         <name>.debug_info</name>
         <load_address>0x3f26</load_address>
         <run_address>0x3f26</run_address>
         <size>0xc46</size>
         <alignment>0x1</alignment>
         <input_file_ref idref="fl-4"/>
      </object_component>
      <object_component id="oc-cf">
         <name>.debug_info</name>
         <load_address>0x4b6c</load_address>
         <run_address>0x4b6c</run_address>
         <size>0x731</size>
         <alignment>0x1</alignment>
         <input_file_ref idref="fl-12"/>
      </object_component>
      <object_component id="oc-cd">
         <name>.debug_info</name>
         <load_address>0x529d</load_address>
         <run_address>0x529d</run_address>
         <size>0x75</size>
         <alignment>0x1</alignment>
         <input_file_ref idref="fl-13"/>
      </object_component>
      <object_component id="oc-e9">
         <name>.debug_info</name>
         <load_address>0x5312</load_address>
         <run_address>0x5312</run_address>
         <size>0x6df</size>
         <alignment>0x1</alignment>
         <input_file_ref idref="fl-14"/>
      </object_component>
      <object_component id="oc-1b">
         <name>.debug_info</name>
         <load_address>0x59f1</load_address>
         <run_address>0x59f1</run_address>
         <size>0x423</size>
         <alignment>0x1</alignment>
         <input_file_ref idref="fl-2b"/>
      </object_component>
      <object_component id="oc-99">
         <name>.debug_info</name>
         <load_address>0x5e14</load_address>
         <run_address>0x5e14</run_address>
         <size>0x744</size>
         <alignment>0x1</alignment>
         <input_file_ref idref="fl-2d"/>
      </object_component>
      <object_component id="oc-69">
         <name>.debug_info</name>
         <load_address>0x6558</load_address>
         <run_address>0x6558</run_address>
         <size>0x46</size>
         <alignment>0x1</alignment>
         <input_file_ref idref="fl-2e"/>
      </object_component>
      <object_component id="oc-4e">
         <name>.debug_info</name>
         <load_address>0x659e</load_address>
         <run_address>0x659e</run_address>
         <size>0x192</size>
         <alignment>0x1</alignment>
         <input_file_ref idref="fl-30"/>
      </object_component>
      <object_component id="oc-91">
         <name>.debug_info</name>
         <load_address>0x6730</load_address>
         <run_address>0x6730</run_address>
         <size>0xf8</size>
         <alignment>0x1</alignment>
         <input_file_ref idref="fl-33"/>
      </object_component>
      <object_component id="oc-bb">
         <name>.debug_info</name>
         <load_address>0x6828</load_address>
         <run_address>0x6828</run_address>
         <size>0x3b</size>
         <alignment>0x1</alignment>
         <input_file_ref idref="fl-d5"/>
      </object_component>
      <object_component id="oc-66">
         <name>.debug_info</name>
         <load_address>0x6863</load_address>
         <run_address>0x6863</run_address>
         <size>0x1b5</size>
         <alignment>0x1</alignment>
         <input_file_ref idref="fl-d7"/>
      </object_component>
      <object_component id="oc-ab">
         <name>.debug_info</name>
         <load_address>0x6a18</load_address>
         <run_address>0x6a18</run_address>
         <size>0x244</size>
         <alignment>0x1</alignment>
         <input_file_ref idref="fl-d9"/>
      </object_component>
      <object_component id="oc-135">
         <name>.debug_info</name>
         <load_address>0x6c5c</load_address>
         <run_address>0x6c5c</run_address>
         <size>0xc0</size>
         <alignment>0x0</alignment>
      </object_component>
      <object_component id="oc-36">
         <name>.debug_ranges</name>
         <load_address>0x0</load_address>
         <run_address>0x0</run_address>
         <size>0x20</size>
         <alignment>0x1</alignment>
         <input_file_ref idref="fl-1"/>
      </object_component>
      <object_component id="oc-85">
         <name>.debug_ranges</name>
         <load_address>0x20</load_address>
         <run_address>0x20</run_address>
         <size>0x50</size>
         <alignment>0x1</alignment>
         <input_file_ref idref="fl-2"/>
      </object_component>
      <object_component id="oc-32">
         <name>.debug_ranges</name>
         <load_address>0x70</load_address>
         <run_address>0x70</run_address>
         <size>0x18</size>
         <alignment>0x1</alignment>
         <input_file_ref idref="fl-3"/>
      </object_component>
      <object_component id="oc-8a">
         <name>.debug_ranges</name>
         <load_address>0x88</load_address>
         <run_address>0x88</run_address>
         <size>0x18</size>
         <alignment>0x1</alignment>
         <input_file_ref idref="fl-4"/>
      </object_component>
      <object_component id="oc-d0">
         <name>.debug_ranges</name>
         <load_address>0xa0</load_address>
         <run_address>0xa0</run_address>
         <size>0x18</size>
         <alignment>0x1</alignment>
         <input_file_ref idref="fl-12"/>
      </object_component>
      <object_component id="oc-3f">
         <name>.debug_ranges</name>
         <load_address>0xb8</load_address>
         <run_address>0xb8</run_address>
         <size>0x48</size>
         <alignment>0x1</alignment>
         <input_file_ref idref="fl-2b"/>
      </object_component>
      <object_component id="oc-9a">
         <name>.debug_ranges</name>
         <load_address>0x100</load_address>
         <run_address>0x100</run_address>
         <size>0x48</size>
         <alignment>0x1</alignment>
         <input_file_ref idref="fl-2d"/>
      </object_component>
      <object_component id="oc-4f">
         <name>.debug_ranges</name>
         <load_address>0x148</load_address>
         <run_address>0x148</run_address>
         <size>0x18</size>
         <alignment>0x1</alignment>
         <input_file_ref idref="fl-30"/>
      </object_component>
      <object_component id="oc-92">
         <name>.debug_ranges</name>
         <load_address>0x160</load_address>
         <run_address>0x160</run_address>
         <size>0x18</size>
         <alignment>0x1</alignment>
         <input_file_ref idref="fl-33"/>
      </object_component>
      <object_component id="oc-67">
         <name>.debug_ranges</name>
         <load_address>0x178</load_address>
         <run_address>0x178</run_address>
         <size>0x28</size>
         <alignment>0x1</alignment>
         <input_file_ref idref="fl-d7"/>
      </object_component>
      <object_component id="oc-a9">
         <name>.debug_ranges</name>
         <load_address>0x1a0</load_address>
         <run_address>0x1a0</run_address>
         <size>0x28</size>
         <alignment>0x1</alignment>
         <input_file_ref idref="fl-d9"/>
      </object_component>
      <object_component id="oc-5e">
         <name>.debug_str</name>
         <load_address>0x0</load_address>
         <run_address>0x0</run_address>
         <size>0x6cb</size>
         <alignment>0x1</alignment>
         <input_file_ref idref="fl-1"/>
      </object_component>
      <object_component id="oc-b6">
         <name>.debug_str</name>
         <load_address>0x6cb</load_address>
         <run_address>0x6cb</run_address>
         <size>0x20b1</size>
         <alignment>0x1</alignment>
         <input_file_ref idref="fl-2"/>
      </object_component>
      <object_component id="oc-3b">
         <name>.debug_str</name>
         <load_address>0x277c</load_address>
         <run_address>0x277c</run_address>
         <size>0x177</size>
         <alignment>0x1</alignment>
         <input_file_ref idref="fl-3"/>
      </object_component>
      <object_component id="oc-b8">
         <name>.debug_str</name>
         <load_address>0x28f3</load_address>
         <run_address>0x28f3</run_address>
         <size>0x70d</size>
         <alignment>0x1</alignment>
         <input_file_ref idref="fl-4"/>
      </object_component>
      <object_component id="oc-e7">
         <name>.debug_str</name>
         <load_address>0x3000</load_address>
         <run_address>0x3000</run_address>
         <size>0x63b</size>
         <alignment>0x1</alignment>
         <input_file_ref idref="fl-12"/>
      </object_component>
      <object_component id="oc-e4">
         <name>.debug_str</name>
         <load_address>0x363b</load_address>
         <run_address>0x363b</run_address>
         <size>0x177</size>
         <alignment>0x1</alignment>
         <input_file_ref idref="fl-13"/>
      </object_component>
      <object_component id="oc-ef">
         <name>.debug_str</name>
         <load_address>0x37b2</load_address>
         <run_address>0x37b2</run_address>
         <size>0x686</size>
         <alignment>0x1</alignment>
         <input_file_ref idref="fl-14"/>
      </object_component>
      <object_component id="oc-3d">
         <name>.debug_str</name>
         <load_address>0x3e38</load_address>
         <run_address>0x3e38</run_address>
         <size>0x225</size>
         <alignment>0x1</alignment>
         <input_file_ref idref="fl-2b"/>
      </object_component>
      <object_component id="oc-c4">
         <name>.debug_str</name>
         <load_address>0x405d</load_address>
         <run_address>0x405d</run_address>
         <size>0x32f</size>
         <alignment>0x1</alignment>
         <input_file_ref idref="fl-2d"/>
      </object_component>
      <object_component id="oc-80">
         <name>.debug_str</name>
         <load_address>0x438c</load_address>
         <run_address>0x438c</run_address>
         <size>0xf5</size>
         <alignment>0x1</alignment>
         <input_file_ref idref="fl-2e"/>
      </object_component>
      <object_component id="oc-62">
         <name>.debug_str</name>
         <load_address>0x4481</load_address>
         <run_address>0x4481</run_address>
         <size>0x19b</size>
         <alignment>0x1</alignment>
         <input_file_ref idref="fl-30"/>
      </object_component>
      <object_component id="oc-be">
         <name>.debug_str</name>
         <load_address>0x461c</load_address>
         <run_address>0x461c</run_address>
         <size>0x148</size>
         <alignment>0x1</alignment>
         <input_file_ref idref="fl-33"/>
      </object_component>
      <object_component id="oc-d9">
         <name>.debug_str</name>
         <load_address>0x4764</load_address>
         <run_address>0x4764</run_address>
         <size>0xe9</size>
         <alignment>0x1</alignment>
         <input_file_ref idref="fl-d5"/>
      </object_component>
      <object_component id="oc-38">
         <name>.debug_frame</name>
         <load_address>0x0</load_address>
         <run_address>0x0</run_address>
         <size>0x44</size>
         <alignment>0x4</alignment>
         <input_file_ref idref="fl-1"/>
      </object_component>
      <object_component id="oc-83">
         <name>.debug_frame</name>
         <load_address>0x44</load_address>
         <run_address>0x44</run_address>
         <size>0xd8</size>
         <alignment>0x4</alignment>
         <input_file_ref idref="fl-2"/>
      </object_component>
      <object_component id="oc-30">
         <name>.debug_frame</name>
         <load_address>0x11c</load_address>
         <run_address>0x11c</run_address>
         <size>0x30</size>
         <alignment>0x4</alignment>
         <input_file_ref idref="fl-3"/>
      </object_component>
      <object_component id="oc-87">
         <name>.debug_frame</name>
         <load_address>0x14c</load_address>
         <run_address>0x14c</run_address>
         <size>0x3c</size>
         <alignment>0x4</alignment>
         <input_file_ref idref="fl-4"/>
      </object_component>
      <object_component id="oc-d3">
         <name>.debug_frame</name>
         <load_address>0x188</load_address>
         <run_address>0x188</run_address>
         <size>0x4c</size>
         <alignment>0x4</alignment>
         <input_file_ref idref="fl-12"/>
      </object_component>
      <object_component id="oc-cb">
         <name>.debug_frame</name>
         <load_address>0x1d4</load_address>
         <run_address>0x1d4</run_address>
         <size>0x20</size>
         <alignment>0x4</alignment>
         <input_file_ref idref="fl-13"/>
      </object_component>
      <object_component id="oc-ea">
         <name>.debug_frame</name>
         <load_address>0x1f4</load_address>
         <run_address>0x1f4</run_address>
         <size>0x30</size>
         <alignment>0x4</alignment>
         <input_file_ref idref="fl-14"/>
      </object_component>
      <object_component id="oc-54">
         <name>.debug_frame</name>
         <load_address>0x224</load_address>
         <run_address>0x224</run_address>
         <size>0x90</size>
         <alignment>0x4</alignment>
         <input_file_ref idref="fl-2b"/>
      </object_component>
      <object_component id="oc-96">
         <name>.debug_frame</name>
         <load_address>0x2b4</load_address>
         <run_address>0x2b4</run_address>
         <size>0x100</size>
         <alignment>0x4</alignment>
         <input_file_ref idref="fl-2d"/>
      </object_component>
      <object_component id="oc-6a">
         <name>.debug_frame</name>
         <load_address>0x3b4</load_address>
         <run_address>0x3b4</run_address>
         <size>0x20</size>
         <alignment>0x4</alignment>
         <input_file_ref idref="fl-2e"/>
      </object_component>
      <object_component id="oc-51">
         <name>.debug_frame</name>
         <load_address>0x3d4</load_address>
         <run_address>0x3d4</run_address>
         <size>0x38</size>
         <alignment>0x4</alignment>
         <input_file_ref idref="fl-30"/>
      </object_component>
      <object_component id="oc-8f">
         <name>.debug_frame</name>
         <load_address>0x40c</load_address>
         <run_address>0x40c</run_address>
         <size>0x30</size>
         <alignment>0x4</alignment>
         <input_file_ref idref="fl-33"/>
      </object_component>
      <object_component id="oc-ba">
         <name>.debug_frame</name>
         <load_address>0x43c</load_address>
         <run_address>0x43c</run_address>
         <size>0x20</size>
         <alignment>0x4</alignment>
         <input_file_ref idref="fl-d5"/>
      </object_component>
      <object_component id="oc-37">
         <name>.debug_line</name>
         <load_address>0x0</load_address>
         <run_address>0x0</run_address>
         <size>0x26a</size>
         <alignment>0x1</alignment>
         <input_file_ref idref="fl-1"/>
      </object_component>
      <object_component id="oc-84">
         <name>.debug_line</name>
         <load_address>0x26a</load_address>
         <run_address>0x26a</run_address>
         <size>0x5c1</size>
         <alignment>0x1</alignment>
         <input_file_ref idref="fl-2"/>
      </object_component>
      <object_component id="oc-31">
         <name>.debug_line</name>
         <load_address>0x82b</load_address>
         <run_address>0x82b</run_address>
         <size>0xb8</size>
         <alignment>0x1</alignment>
         <input_file_ref idref="fl-3"/>
      </object_component>
      <object_component id="oc-8b">
         <name>.debug_line</name>
         <load_address>0x8e3</load_address>
         <run_address>0x8e3</run_address>
         <size>0x294</size>
         <alignment>0x1</alignment>
         <input_file_ref idref="fl-4"/>
      </object_component>
      <object_component id="oc-d2">
         <name>.debug_line</name>
         <load_address>0xb77</load_address>
         <run_address>0xb77</run_address>
         <size>0x1f1</size>
         <alignment>0x1</alignment>
         <input_file_ref idref="fl-12"/>
      </object_component>
      <object_component id="oc-cc">
         <name>.debug_line</name>
         <load_address>0xd68</load_address>
         <run_address>0xd68</run_address>
         <size>0xe4</size>
         <alignment>0x1</alignment>
         <input_file_ref idref="fl-13"/>
      </object_component>
      <object_component id="oc-eb">
         <name>.debug_line</name>
         <load_address>0xe4c</load_address>
         <run_address>0xe4c</run_address>
         <size>0x1b0</size>
         <alignment>0x1</alignment>
         <input_file_ref idref="fl-14"/>
      </object_component>
      <object_component id="oc-3e">
         <name>.debug_line</name>
         <load_address>0xffc</load_address>
         <run_address>0xffc</run_address>
         <size>0x1dc</size>
         <alignment>0x1</alignment>
         <input_file_ref idref="fl-2b"/>
      </object_component>
      <object_component id="oc-97">
         <name>.debug_line</name>
         <load_address>0x11d8</load_address>
         <run_address>0x11d8</run_address>
         <size>0x51a</size>
         <alignment>0x1</alignment>
         <input_file_ref idref="fl-2d"/>
      </object_component>
      <object_component id="oc-6b">
         <name>.debug_line</name>
         <load_address>0x16f2</load_address>
         <run_address>0x16f2</run_address>
         <size>0x3e</size>
         <alignment>0x1</alignment>
         <input_file_ref idref="fl-2e"/>
      </object_component>
      <object_component id="oc-4d">
         <name>.debug_line</name>
         <load_address>0x1730</load_address>
         <run_address>0x1730</run_address>
         <size>0xfe</size>
         <alignment>0x1</alignment>
         <input_file_ref idref="fl-30"/>
      </object_component>
      <object_component id="oc-90">
         <name>.debug_line</name>
         <load_address>0x182e</load_address>
         <run_address>0x182e</run_address>
         <size>0x67</size>
         <alignment>0x1</alignment>
         <input_file_ref idref="fl-33"/>
      </object_component>
      <object_component id="oc-bc">
         <name>.debug_line</name>
         <load_address>0x1895</load_address>
         <run_address>0x1895</run_address>
         <size>0x41</size>
         <alignment>0x1</alignment>
         <input_file_ref idref="fl-d5"/>
      </object_component>
      <object_component id="oc-65">
         <name>.debug_line</name>
         <load_address>0x18d6</load_address>
         <run_address>0x18d6</run_address>
         <size>0xba</size>
         <alignment>0x1</alignment>
         <input_file_ref idref="fl-d7"/>
      </object_component>
      <object_component id="oc-aa">
         <name>.debug_line</name>
         <load_address>0x1990</load_address>
         <run_address>0x1990</run_address>
         <size>0x80</size>
         <alignment>0x1</alignment>
         <input_file_ref idref="fl-d9"/>
      </object_component>
      <object_component id="oc-b1">
         <name>.debug_loc</name>
         <load_address>0x0</load_address>
         <run_address>0x0</run_address>
         <size>0x12a</size>
         <alignment>0x1</alignment>
         <input_file_ref idref="fl-2"/>
      </object_component>
      <object_component id="oc-88">
         <name>.debug_loc</name>
         <load_address>0x12a</load_address>
         <run_address>0x12a</run_address>
         <size>0xd6</size>
         <alignment>0x1</alignment>
         <input_file_ref idref="fl-4"/>
      </object_component>
      <object_component id="oc-d1">
         <name>.debug_loc</name>
         <load_address>0x200</load_address>
         <run_address>0x200</run_address>
         <size>0xc7</size>
         <alignment>0x1</alignment>
         <input_file_ref idref="fl-12"/>
      </object_component>
      <object_component id="oc-e5">
         <name>.debug_loc</name>
         <load_address>0x2c7</load_address>
         <run_address>0x2c7</run_address>
         <size>0x13</size>
         <alignment>0x1</alignment>
         <input_file_ref idref="fl-13"/>
      </object_component>
      <object_component id="oc-f0">
         <name>.debug_loc</name>
         <load_address>0x2da</load_address>
         <run_address>0x2da</run_address>
         <size>0xbd</size>
         <alignment>0x1</alignment>
         <input_file_ref idref="fl-14"/>
      </object_component>
      <object_component id="oc-40">
         <name>.debug_loc</name>
         <load_address>0x397</load_address>
         <run_address>0x397</run_address>
         <size>0xd8</size>
         <alignment>0x1</alignment>
         <input_file_ref idref="fl-2b"/>
      </object_component>
      <object_component id="oc-98">
         <name>.debug_loc</name>
         <load_address>0x46f</load_address>
         <run_address>0x46f</run_address>
         <size>0x424</size>
         <alignment>0x1</alignment>
         <input_file_ref idref="fl-2d"/>
      </object_component>
      <object_component id="oc-50">
         <name>.debug_loc</name>
         <load_address>0x893</load_address>
         <run_address>0x893</run_address>
         <size>0x16c</size>
         <alignment>0x1</alignment>
         <input_file_ref idref="fl-30"/>
      </object_component>
      <object_component id="oc-94">
         <name>.debug_loc</name>
         <load_address>0x9ff</load_address>
         <run_address>0x9ff</run_address>
         <size>0x26</size>
         <alignment>0x1</alignment>
         <input_file_ref idref="fl-33"/>
      </object_component>
      <object_component id="oc-64">
         <name>.debug_aranges</name>
         <load_address>0x0</load_address>
         <run_address>0x0</run_address>
         <size>0x28</size>
         <alignment>0x1</alignment>
         <input_file_ref idref="fl-d7"/>
      </object_component>
      <object_component id="oc-ac">
         <name>.debug_aranges</name>
         <load_address>0x28</load_address>
         <run_address>0x28</run_address>
         <size>0x28</size>
         <alignment>0x1</alignment>
         <input_file_ref idref="fl-d9"/>
      </object_component>
   </object_component_list>
   <logical_group_list>
      <logical_group id="lg-2" display="no" color="cyan">
         <name>.intvecs</name>
         <load_address>0x0</load_address>
         <run_address>0x0</run_address>
         <size>0xc0</size>
         <contents>
            <object_component_ref idref="oc-18"/>
         </contents>
      </logical_group>
      <logical_group id="lg-3" display="no" color="cyan">
         <name>.text</name>
         <load_address>0xc0</load_address>
         <run_address>0xc0</run_address>
         <size>0x498</size>
         <contents>
            <object_component_ref idref="oc-b2"/>
            <object_component_ref idref="oc-b3"/>
            <object_component_ref idref="oc-6c"/>
            <object_component_ref idref="oc-ad"/>
            <object_component_ref idref="oc-33"/>
            <object_component_ref idref="oc-e8"/>
            <object_component_ref idref="oc-ce"/>
            <object_component_ref idref="oc-b0"/>
            <object_component_ref idref="oc-ae"/>
            <object_component_ref idref="oc-95"/>
            <object_component_ref idref="oc-af"/>
            <object_component_ref idref="oc-8c"/>
            <object_component_ref idref="oc-34"/>
            <object_component_ref idref="oc-39"/>
            <object_component_ref idref="oc-55"/>
            <object_component_ref idref="oc-86"/>
            <object_component_ref idref="oc-81"/>
            <object_component_ref idref="oc-d7"/>
            <object_component_ref idref="oc-d6"/>
            <object_component_ref idref="oc-52"/>
            <object_component_ref idref="oc-b4"/>
            <object_component_ref idref="oc-63"/>
            <object_component_ref idref="oc-ca"/>
            <object_component_ref idref="oc-8e"/>
            <object_component_ref idref="oc-b9"/>
            <object_component_ref idref="oc-2f"/>
            <object_component_ref idref="oc-68"/>
         </contents>
      </logical_group>
      <logical_group id="lg-4" display="no" color="cyan">
         <name>.const</name>
         <run_address>0x0</run_address>
         <size>0x0</size>
         <contents>
         </contents>
      </logical_group>
      <logical_group id="lg-5" display="no" color="cyan">
         <name>.cinit</name>
         <load_address>0x598</load_address>
         <run_address>0x598</run_address>
         <size>0x18</size>
         <contents>
            <object_component_ref idref="oc-132"/>
            <object_component_ref idref="oc-130"/>
            <object_component_ref idref="oc-131"/>
         </contents>
      </logical_group>
      <logical_group id="lg-6" display="no" color="cyan">
         <name>.pinit</name>
         <run_address>0x0</run_address>
         <size>0x0</size>
         <contents>
         </contents>
      </logical_group>
      <logical_group id="lg-7" display="no" color="cyan">
         <name>.rodata</name>
         <load_address>0x558</load_address>
         <run_address>0x558</run_address>
         <size>0x40</size>
         <contents>
            <object_component_ref idref="oc-ed"/>
            <object_component_ref idref="oc-ec"/>
            <object_component_ref idref="oc-d5"/>
            <object_component_ref idref="oc-d4"/>
         </contents>
      </logical_group>
      <logical_group id="lg-8" display="no" color="cyan">
         <name>.ARM.exidx</name>
         <run_address>0x0</run_address>
         <size>0x0</size>
         <contents>
         </contents>
      </logical_group>
      <logical_group id="lg-9" display="no" color="cyan">
         <name>.init_array</name>
         <run_address>0x0</run_address>
         <size>0x0</size>
         <contents>
         </contents>
      </logical_group>
      <logical_group id="lg-a" display="no" color="cyan">
         <name>.binit</name>
         <load_address>0x0</load_address>
         <run_address>0x0</run_address>
         <size>0x0</size>
         <contents>
            <object_component_ref idref="oc-fa"/>
         </contents>
      </logical_group>
      <logical_group id="lg-b" display="no" color="cyan">
         <name>.TI.ramfunc</name>
         <run_address>0x0</run_address>
         <size>0x0</size>
         <contents>
         </contents>
      </logical_group>
      <logical_group id="lg-c" display="no" color="cyan">
         <name>.vtable</name>
         <run_address>0x0</run_address>
         <size>0x0</size>
         <contents>
         </contents>
      </logical_group>
      <logical_group id="lg-d" display="no" color="cyan">
         <name>.args</name>
         <run_address>0x0</run_address>
         <size>0x0</size>
         <contents>
         </contents>
      </logical_group>
      <logical_group id="lg-e" display="no" color="cyan">
         <name>.data</name>
         <run_address>0x0</run_address>
         <size>0x0</size>
         <contents>
         </contents>
      </logical_group>
      <logical_group id="lg-f" display="no" color="cyan">
         <name>.bss</name>
         <run_address>0x20200000</run_address>
         <size>0x1001</size>
         <contents>
            <object_component_ref idref="oc-8d"/>
            <object_component_ref idref="oc-5c"/>
         </contents>
      </logical_group>
      <logical_group id="lg-10" display="no" color="cyan">
         <name>.sysmem</name>
         <run_address>0x0</run_address>
         <size>0x0</size>
         <contents>
         </contents>
      </logical_group>
      <logical_group id="lg-11" display="no" color="cyan">
         <name>.stack</name>
         <run_address>0x20207e00</run_address>
         <size>0x200</size>
         <contents>
            <object_component_ref idref="oc-1a"/>
            <object_component_ref idref="oc-134"/>
         </contents>
      </logical_group>
      <logical_group id="lg-12" display="no" color="cyan">
         <name>.BCRConfig</name>
         <run_address>0x0</run_address>
         <size>0x0</size>
         <contents>
         </contents>
      </logical_group>
      <logical_group id="lg-13" display="no" color="cyan">
         <name>.BSLConfig</name>
         <run_address>0x0</run_address>
         <size>0x0</size>
         <contents>
         </contents>
      </logical_group>
      <logical_group id="lg-f1" display="no" color="cyan">
         <name>.TI.noinit</name>
         <run_address>0x0</run_address>
         <size>0x0</size>
         <contents>
         </contents>
      </logical_group>
      <logical_group id="lg-f2" display="no" color="cyan">
         <name>.TI.persistent</name>
         <run_address>0x0</run_address>
         <size>0x0</size>
         <contents>
         </contents>
      </logical_group>
      <logical_group id="lg-f3" display="no" color="cyan">
         <name>.TI.local</name>
         <run_address>0x0</run_address>
         <size>0x0</size>
         <contents>
         </contents>
      </logical_group>
      <logical_group id="lg-f4" display="no" color="cyan">
         <name>.TI.onchip</name>
         <run_address>0x0</run_address>
         <size>0x0</size>
         <contents>
         </contents>
      </logical_group>
      <logical_group id="lg-f5" display="no" color="cyan">
         <name>.TI.offchip</name>
         <run_address>0x0</run_address>
         <size>0x0</size>
         <contents>
         </contents>
      </logical_group>
      <logical_group id="lg-f6" display="no" color="cyan">
         <name>__llvm_prf_cnts</name>
         <run_address>0x20200000</run_address>
         <size>0x0</size>
         <contents>
         </contents>
      </logical_group>
      <logical_group id="lg-f8" display="no" color="cyan">
         <name>__llvm_prf_bits</name>
         <run_address>0x20200000</run_address>
         <size>0x0</size>
         <contents>
         </contents>
      </logical_group>
      <logical_group id="lg-114" display="never" color="cyan">
         <name>.debug_abbrev</name>
         <load_address>0x0</load_address>
         <run_address>0x0</run_address>
         <size>0xca6</size>
         <contents>
            <object_component_ref idref="oc-5d"/>
            <object_component_ref idref="oc-b5"/>
            <object_component_ref idref="oc-3a"/>
            <object_component_ref idref="oc-b7"/>
            <object_component_ref idref="oc-e6"/>
            <object_component_ref idref="oc-e3"/>
            <object_component_ref idref="oc-ee"/>
            <object_component_ref idref="oc-3c"/>
            <object_component_ref idref="oc-c3"/>
            <object_component_ref idref="oc-7f"/>
            <object_component_ref idref="oc-61"/>
            <object_component_ref idref="oc-bd"/>
            <object_component_ref idref="oc-d8"/>
            <object_component_ref idref="oc-7e"/>
            <object_component_ref idref="oc-c9"/>
            <object_component_ref idref="oc-136"/>
         </contents>
      </logical_group>
      <logical_group id="lg-116" display="never" color="cyan">
         <name>.debug_info</name>
         <load_address>0x0</load_address>
         <run_address>0x0</run_address>
         <size>0x6d1c</size>
         <contents>
            <object_component_ref idref="oc-35"/>
            <object_component_ref idref="oc-82"/>
            <object_component_ref idref="oc-19"/>
            <object_component_ref idref="oc-89"/>
            <object_component_ref idref="oc-cf"/>
            <object_component_ref idref="oc-cd"/>
            <object_component_ref idref="oc-e9"/>
            <object_component_ref idref="oc-1b"/>
            <object_component_ref idref="oc-99"/>
            <object_component_ref idref="oc-69"/>
            <object_component_ref idref="oc-4e"/>
            <object_component_ref idref="oc-91"/>
            <object_component_ref idref="oc-bb"/>
            <object_component_ref idref="oc-66"/>
            <object_component_ref idref="oc-ab"/>
            <object_component_ref idref="oc-135"/>
         </contents>
      </logical_group>
      <logical_group id="lg-118" display="never" color="cyan">
         <name>.debug_ranges</name>
         <load_address>0x0</load_address>
         <run_address>0x0</run_address>
         <size>0x1c8</size>
         <contents>
            <object_component_ref idref="oc-36"/>
            <object_component_ref idref="oc-85"/>
            <object_component_ref idref="oc-32"/>
            <object_component_ref idref="oc-8a"/>
            <object_component_ref idref="oc-d0"/>
            <object_component_ref idref="oc-3f"/>
            <object_component_ref idref="oc-9a"/>
            <object_component_ref idref="oc-4f"/>
            <object_component_ref idref="oc-92"/>
            <object_component_ref idref="oc-67"/>
            <object_component_ref idref="oc-a9"/>
         </contents>
      </logical_group>
      <logical_group id="lg-11a" display="never" color="cyan">
         <name>.debug_str</name>
         <load_address>0x0</load_address>
         <run_address>0x0</run_address>
         <size>0x484d</size>
         <contents>
            <object_component_ref idref="oc-5e"/>
            <object_component_ref idref="oc-b6"/>
            <object_component_ref idref="oc-3b"/>
            <object_component_ref idref="oc-b8"/>
            <object_component_ref idref="oc-e7"/>
            <object_component_ref idref="oc-e4"/>
            <object_component_ref idref="oc-ef"/>
            <object_component_ref idref="oc-3d"/>
            <object_component_ref idref="oc-c4"/>
            <object_component_ref idref="oc-80"/>
            <object_component_ref idref="oc-62"/>
            <object_component_ref idref="oc-be"/>
            <object_component_ref idref="oc-d9"/>
         </contents>
      </logical_group>
      <logical_group id="lg-11c" display="never" color="cyan">
         <name>.debug_frame</name>
         <load_address>0x0</load_address>
         <run_address>0x0</run_address>
         <size>0x45c</size>
         <contents>
            <object_component_ref idref="oc-38"/>
            <object_component_ref idref="oc-83"/>
            <object_component_ref idref="oc-30"/>
            <object_component_ref idref="oc-87"/>
            <object_component_ref idref="oc-d3"/>
            <object_component_ref idref="oc-cb"/>
            <object_component_ref idref="oc-ea"/>
            <object_component_ref idref="oc-54"/>
            <object_component_ref idref="oc-96"/>
            <object_component_ref idref="oc-6a"/>
            <object_component_ref idref="oc-51"/>
            <object_component_ref idref="oc-8f"/>
            <object_component_ref idref="oc-ba"/>
         </contents>
      </logical_group>
      <logical_group id="lg-11e" display="never" color="cyan">
         <name>.debug_line</name>
         <load_address>0x0</load_address>
         <run_address>0x0</run_address>
         <size>0x1a10</size>
         <contents>
            <object_component_ref idref="oc-37"/>
            <object_component_ref idref="oc-84"/>
            <object_component_ref idref="oc-31"/>
            <object_component_ref idref="oc-8b"/>
            <object_component_ref idref="oc-d2"/>
            <object_component_ref idref="oc-cc"/>
            <object_component_ref idref="oc-eb"/>
            <object_component_ref idref="oc-3e"/>
            <object_component_ref idref="oc-97"/>
            <object_component_ref idref="oc-6b"/>
            <object_component_ref idref="oc-4d"/>
            <object_component_ref idref="oc-90"/>
            <object_component_ref idref="oc-bc"/>
            <object_component_ref idref="oc-65"/>
            <object_component_ref idref="oc-aa"/>
         </contents>
      </logical_group>
      <logical_group id="lg-120" display="never" color="cyan">
         <name>.debug_loc</name>
         <load_address>0x0</load_address>
         <run_address>0x0</run_address>
         <size>0xa25</size>
         <contents>
            <object_component_ref idref="oc-b1"/>
            <object_component_ref idref="oc-88"/>
            <object_component_ref idref="oc-d1"/>
            <object_component_ref idref="oc-e5"/>
            <object_component_ref idref="oc-f0"/>
            <object_component_ref idref="oc-40"/>
            <object_component_ref idref="oc-98"/>
            <object_component_ref idref="oc-50"/>
            <object_component_ref idref="oc-94"/>
         </contents>
      </logical_group>
      <logical_group id="lg-12a" display="never" color="cyan">
         <name>.debug_aranges</name>
         <load_address>0x0</load_address>
         <run_address>0x0</run_address>
         <size>0x50</size>
         <contents>
            <object_component_ref idref="oc-64"/>
            <object_component_ref idref="oc-ac"/>
         </contents>
      </logical_group>
      <logical_group id="lg-133" display="no" color="cyan">
         <name>Veneer$$CMSE</name>
         <run_address>0x0</run_address>
         <size>0x0</size>
         <contents>
         </contents>
      </logical_group>
      <load_segment id="lg-139" display="no" color="cyan">
         <name>SEGMENT_0</name>
         <load_address>0x0</load_address>
         <run_address>0x0</run_address>
         <size>0x5b0</size>
         <flags>0x5</flags>
         <contents>
            <logical_group_ref idref="lg-2"/>
            <logical_group_ref idref="lg-3"/>
            <logical_group_ref idref="lg-7"/>
            <logical_group_ref idref="lg-5"/>
         </contents>
      </load_segment>
      <load_segment id="lg-13a" display="no" color="cyan">
         <name>SEGMENT_1</name>
         <run_address>0x20200000</run_address>
         <size>0x1001</size>
         <flags>0x6</flags>
         <contents>
            <logical_group_ref idref="lg-f"/>
         </contents>
      </load_segment>
      <load_segment id="lg-13b" display="no" color="cyan">
         <name>SEGMENT_2</name>
         <run_address>0x20207e00</run_address>
         <size>0x200</size>
         <flags>0x6</flags>
         <contents>
            <logical_group_ref idref="lg-11"/>
         </contents>
      </load_segment>
   </logical_group_list>
   <placement_map>
      <memory_area display="yes" color="green">
         <name>FLASH</name>
         <page_id>0x0</page_id>
         <origin>0x0</origin>
         <length>0x20000</length>
         <used_space>0x5b0</used_space>
         <unused_space>0x1fa50</unused_space>
         <attributes>RX</attributes>
         <usage_details>
            <allocated_space>
               <start_address>0x0</start_address>
               <size>0x0</size>
               <logical_group_ref idref="lg-a"/>
            </allocated_space>
            <allocated_space>
               <start_address>0x0</start_address>
               <size>0xc0</size>
               <logical_group_ref idref="lg-2"/>
            </allocated_space>
            <allocated_space>
               <start_address>0xc0</start_address>
               <size>0x498</size>
               <logical_group_ref idref="lg-3"/>
            </allocated_space>
            <allocated_space>
               <start_address>0x558</start_address>
               <size>0x40</size>
               <logical_group_ref idref="lg-7"/>
            </allocated_space>
            <allocated_space>
               <start_address>0x598</start_address>
               <size>0x18</size>
               <logical_group_ref idref="lg-5"/>
            </allocated_space>
            <available_space>
               <start_address>0x5b0</start_address>
               <size>0x1fa50</size>
            </available_space>
         </usage_details>
      </memory_area>
      <memory_area display="yes" color="green">
         <name>SRAM</name>
         <page_id>0x0</page_id>
         <origin>0x20200000</origin>
         <length>0x8000</length>
         <used_space>0x1201</used_space>
         <unused_space>0x6dff</unused_space>
         <attributes>RWX</attributes>
         <usage_details>
            <allocated_space>
               <start_address>0x20200000</start_address>
               <size>0x0</size>
               <logical_group_ref idref="lg-f6"/>
            </allocated_space>
            <allocated_space>
               <start_address>0x20200000</start_address>
               <size>0x0</size>
               <logical_group_ref idref="lg-f8"/>
            </allocated_space>
            <allocated_space>
               <start_address>0x20200000</start_address>
               <size>0x1001</size>
               <logical_group_ref idref="lg-f"/>
            </allocated_space>
            <available_space>
               <start_address>0x20201001</start_address>
               <size>0x6dff</size>
            </available_space>
            <allocated_space>
               <start_address>0x20207e00</start_address>
               <size>0x200</size>
               <logical_group_ref idref="lg-11"/>
            </allocated_space>
         </usage_details>
      </memory_area>
      <memory_area display="yes" color="green">
         <name>BCR_CONFIG</name>
         <page_id>0x0</page_id>
         <origin>0x41c00000</origin>
         <length>0x80</length>
         <used_space>0x0</used_space>
         <unused_space>0x80</unused_space>
         <attributes>R</attributes>
         <usage_details>
         </usage_details>
      </memory_area>
      <memory_area display="yes" color="green">
         <name>BSL_CONFIG</name>
         <page_id>0x0</page_id>
         <origin>0x41c00100</origin>
         <length>0x80</length>
         <used_space>0x0</used_space>
         <unused_space>0x80</unused_space>
         <attributes>R</attributes>
         <usage_details>
         </usage_details>
      </memory_area>
   </placement_map>
   <cptbl_list>
      <cptbl>
         <name>__TI_cinit_table</name>
         <cprec>
            <name>.bss</name>
            <load_address>0x598</load_address>
            <load_size>0x8</load_size>
            <run_address>0x20200000</run_address>
            <run_size>0x1001</run_size>
            <compression>zero_init</compression>
         </cprec>
      </cptbl>
   </cptbl_list>
   <handler_table>
      <handler_table_name>__TI_handler_table</handler_table_name>
      <handler>
         <index>0x0</index>
         <name>__TI_zero_init</name>
      </handler>
   </handler_table>
   <symbol_table>
      <symbol id="sm-1">
         <name>__start___llvm_prf_cnts</name>
         <value>0x20200000</value>
      </symbol>
      <symbol id="sm-2">
         <name>__stop___llvm_prf_cnts</name>
         <value>0x20200000</value>
      </symbol>
      <symbol id="sm-3">
         <name>__start___llvm_prf_bits</name>
         <value>0x20200000</value>
      </symbol>
      <symbol id="sm-4">
         <name>__stop___llvm_prf_bits</name>
         <value>0x20200000</value>
      </symbol>
      <symbol id="sm-5">
         <name>__TI_CINIT_Base</name>
         <value>0x5a4</value>
      </symbol>
      <symbol id="sm-6">
         <name>__TI_CINIT_Limit</name>
         <value>0x5ac</value>
      </symbol>
      <symbol id="sm-7">
         <name>__TI_CINIT_Warm</name>
         <value>0x5ac</value>
      </symbol>
      <symbol id="sm-8">
         <name>__TI_Handler_Table_Base</name>
         <value>0x5a0</value>
      </symbol>
      <symbol id="sm-9">
         <name>__TI_Handler_Table_Limit</name>
         <value>0x5a4</value>
      </symbol>
      <symbol id="sm-a">
         <name>binit</name>
         <value>0xffffffff</value>
      </symbol>
      <symbol id="sm-b">
         <name>__binit__</name>
         <value>0xffffffff</value>
      </symbol>
      <symbol id="sm-c">
         <name>__STACK_SIZE</name>
         <value>0x200</value>
      </symbol>
      <symbol id="sm-d">
         <name>__STACK_END</name>
         <value>0x20208000</value>
      </symbol>
      <symbol id="sm-e">
         <name>__TI_pprof_out_hndl</name>
         <value>0xffffffff</value>
      </symbol>
      <symbol id="sm-f">
         <name>__TI_prof_data_start</name>
         <value>0xffffffff</value>
      </symbol>
      <symbol id="sm-10">
         <name>__TI_prof_data_size</name>
         <value>0xffffffff</value>
      </symbol>
      <symbol id="sm-42">
         <name>main</name>
         <value>0x1c1</value>
         <object_component_ref idref="oc-6c"/>
      </symbol>
      <symbol id="sm-43">
         <name>gADCSamples</name>
         <value>0x20200000</value>
      </symbol>
      <symbol id="sm-44">
         <name>gCheckADC</name>
         <value>0x20201000</value>
      </symbol>
      <symbol id="sm-45">
         <name>ADC0_IRQHandler</name>
         <value>0x42d</value>
         <object_component_ref idref="oc-34"/>
      </symbol>
      <symbol id="sm-46">
         <name>ADC1_IRQHandler</name>
         <value>0x455</value>
         <object_component_ref idref="oc-39"/>
      </symbol>
      <symbol id="sm-6f">
         <name>SYSCFG_DL_init</name>
         <value>0x4c5</value>
         <object_component_ref idref="oc-81"/>
      </symbol>
      <symbol id="sm-70">
         <name>SYSCFG_DL_initPower</name>
         <value>0x355</value>
         <object_component_ref idref="oc-ae"/>
      </symbol>
      <symbol id="sm-71">
         <name>SYSCFG_DL_GPIO_init</name>
         <value>0x3d1</value>
         <object_component_ref idref="oc-af"/>
      </symbol>
      <symbol id="sm-72">
         <name>SYSCFG_DL_SYSCTL_init</name>
         <value>0x315</value>
         <object_component_ref idref="oc-b0"/>
      </symbol>
      <symbol id="sm-73">
         <name>SYSCFG_DL_ADC12_1_init</name>
         <value>0xc1</value>
         <object_component_ref idref="oc-b2"/>
      </symbol>
      <symbol id="sm-74">
         <name>SYSCFG_DL_ADC12_0_init</name>
         <value>0x145</value>
         <object_component_ref idref="oc-b3"/>
      </symbol>
      <symbol id="sm-75">
         <name>SYSCFG_DL_DMA_init</name>
         <value>0x521</value>
         <object_component_ref idref="oc-b4"/>
      </symbol>
      <symbol id="sm-76">
         <name>SYSCFG_DL_DMA_CH1_init</name>
         <value>0x4f9</value>
         <object_component_ref idref="oc-d6"/>
      </symbol>
      <symbol id="sm-77">
         <name>SYSCFG_DL_DMA_CH0_init</name>
         <value>0x4e1</value>
         <object_component_ref idref="oc-d7"/>
      </symbol>
      <symbol id="sm-82">
         <name>Default_Handler</name>
         <value>0x287</value>
         <object_component_ref idref="oc-33"/>
      </symbol>
      <symbol id="sm-83">
         <name>Reset_Handler</name>
         <value>0x54d</value>
         <object_component_ref idref="oc-2f"/>
      </symbol>
      <symbol id="sm-84">
         <name>interruptVectors</name>
         <value>0x0</value>
         <object_component_ref idref="oc-18"/>
      </symbol>
      <symbol id="sm-85">
         <name>NMI_Handler</name>
         <value>0x287</value>
         <object_component_ref idref="oc-33"/>
      </symbol>
      <symbol id="sm-86">
         <name>HardFault_Handler</name>
         <value>0x287</value>
         <object_component_ref idref="oc-33"/>
      </symbol>
      <symbol id="sm-87">
         <name>SVC_Handler</name>
         <value>0x287</value>
         <object_component_ref idref="oc-33"/>
      </symbol>
      <symbol id="sm-88">
         <name>PendSV_Handler</name>
         <value>0x287</value>
         <object_component_ref idref="oc-33"/>
      </symbol>
      <symbol id="sm-89">
         <name>SysTick_Handler</name>
         <value>0x287</value>
         <object_component_ref idref="oc-33"/>
      </symbol>
      <symbol id="sm-8a">
         <name>GROUP0_IRQHandler</name>
         <value>0x287</value>
         <object_component_ref idref="oc-33"/>
      </symbol>
      <symbol id="sm-8b">
         <name>GROUP1_IRQHandler</name>
         <value>0x287</value>
         <object_component_ref idref="oc-33"/>
      </symbol>
      <symbol id="sm-8c">
         <name>TIMG8_IRQHandler</name>
         <value>0x287</value>
         <object_component_ref idref="oc-33"/>
      </symbol>
      <symbol id="sm-8d">
         <name>UART3_IRQHandler</name>
         <value>0x287</value>
         <object_component_ref idref="oc-33"/>
      </symbol>
      <symbol id="sm-8e">
         <name>CANFD0_IRQHandler</name>
         <value>0x287</value>
         <object_component_ref idref="oc-33"/>
      </symbol>
      <symbol id="sm-8f">
         <name>DAC0_IRQHandler</name>
         <value>0x287</value>
         <object_component_ref idref="oc-33"/>
      </symbol>
      <symbol id="sm-90">
         <name>SPI0_IRQHandler</name>
         <value>0x287</value>
         <object_component_ref idref="oc-33"/>
      </symbol>
      <symbol id="sm-91">
         <name>SPI1_IRQHandler</name>
         <value>0x287</value>
         <object_component_ref idref="oc-33"/>
      </symbol>
      <symbol id="sm-92">
         <name>UART1_IRQHandler</name>
         <value>0x287</value>
         <object_component_ref idref="oc-33"/>
      </symbol>
      <symbol id="sm-93">
         <name>UART2_IRQHandler</name>
         <value>0x287</value>
         <object_component_ref idref="oc-33"/>
      </symbol>
      <symbol id="sm-94">
         <name>UART0_IRQHandler</name>
         <value>0x287</value>
         <object_component_ref idref="oc-33"/>
      </symbol>
      <symbol id="sm-95">
         <name>TIMG0_IRQHandler</name>
         <value>0x287</value>
         <object_component_ref idref="oc-33"/>
      </symbol>
      <symbol id="sm-96">
         <name>TIMG6_IRQHandler</name>
         <value>0x287</value>
         <object_component_ref idref="oc-33"/>
      </symbol>
      <symbol id="sm-97">
         <name>TIMA0_IRQHandler</name>
         <value>0x287</value>
         <object_component_ref idref="oc-33"/>
      </symbol>
      <symbol id="sm-98">
         <name>TIMA1_IRQHandler</name>
         <value>0x287</value>
         <object_component_ref idref="oc-33"/>
      </symbol>
      <symbol id="sm-99">
         <name>TIMG7_IRQHandler</name>
         <value>0x287</value>
         <object_component_ref idref="oc-33"/>
      </symbol>
      <symbol id="sm-9a">
         <name>TIMG12_IRQHandler</name>
         <value>0x287</value>
         <object_component_ref idref="oc-33"/>
      </symbol>
      <symbol id="sm-9b">
         <name>I2C0_IRQHandler</name>
         <value>0x287</value>
         <object_component_ref idref="oc-33"/>
      </symbol>
      <symbol id="sm-9c">
         <name>I2C1_IRQHandler</name>
         <value>0x287</value>
         <object_component_ref idref="oc-33"/>
      </symbol>
      <symbol id="sm-9d">
         <name>AES_IRQHandler</name>
         <value>0x287</value>
         <object_component_ref idref="oc-33"/>
      </symbol>
      <symbol id="sm-9e">
         <name>RTC_IRQHandler</name>
         <value>0x287</value>
         <object_component_ref idref="oc-33"/>
      </symbol>
      <symbol id="sm-9f">
         <name>DMA_IRQHandler</name>
         <value>0x287</value>
         <object_component_ref idref="oc-33"/>
      </symbol>
      <symbol id="sm-ac">
         <name>setupDMA</name>
         <value>0x4a5</value>
         <object_component_ref idref="oc-86"/>
      </symbol>
      <symbol id="sm-ad">
         <name>ADC_two_Init</name>
         <value>0x401</value>
         <object_component_ref idref="oc-8c"/>
      </symbol>
      <symbol id="sm-ae">
         <name>__TI_ATRegion0_src_addr</name>
         <value>0x0</value>
      </symbol>
      <symbol id="sm-af">
         <name>__TI_ATRegion0_trg_addr</name>
         <value>0x0</value>
      </symbol>
      <symbol id="sm-b0">
         <name>__TI_ATRegion0_region_sz</name>
         <value>0x0</value>
      </symbol>
      <symbol id="sm-b1">
         <name>__TI_ATRegion1_src_addr</name>
         <value>0x0</value>
      </symbol>
      <symbol id="sm-b2">
         <name>__TI_ATRegion1_trg_addr</name>
         <value>0x0</value>
      </symbol>
      <symbol id="sm-b3">
         <name>__TI_ATRegion1_region_sz</name>
         <value>0x0</value>
      </symbol>
      <symbol id="sm-b4">
         <name>__TI_ATRegion2_src_addr</name>
         <value>0x0</value>
      </symbol>
      <symbol id="sm-b5">
         <name>__TI_ATRegion2_trg_addr</name>
         <value>0x0</value>
      </symbol>
      <symbol id="sm-b6">
         <name>__TI_ATRegion2_region_sz</name>
         <value>0x0</value>
      </symbol>
      <symbol id="sm-c1">
         <name>DL_ADC12_setClockConfig</name>
         <value>0x2d5</value>
         <object_component_ref idref="oc-ce"/>
      </symbol>
      <symbol id="sm-ca">
         <name>DL_Common_delayCycles</name>
         <value>0x539</value>
         <object_component_ref idref="oc-ca"/>
      </symbol>
      <symbol id="sm-d4">
         <name>DL_DMA_initChannel</name>
         <value>0x289</value>
         <object_component_ref idref="oc-e8"/>
      </symbol>
      <symbol id="sm-df">
         <name>_c_int00_noargs</name>
         <value>0x47d</value>
         <object_component_ref idref="oc-55"/>
      </symbol>
      <symbol id="sm-e0">
         <name>__stack</name>
         <value>0x20207e00</value>
         <object_component_ref idref="oc-1a"/>
      </symbol>
      <symbol id="sm-ec">
         <name>__TI_auto_init_nobinit_nopinit</name>
         <value>0x395</value>
         <object_component_ref idref="oc-95"/>
      </symbol>
      <symbol id="sm-f4">
         <name>_system_pre_init</name>
         <value>0x551</value>
         <object_component_ref idref="oc-68"/>
      </symbol>
      <symbol id="sm-ff">
         <name>__TI_zero_init</name>
         <value>0x511</value>
         <object_component_ref idref="oc-52"/>
      </symbol>
      <symbol id="sm-10b">
         <name>abort</name>
         <value>0x543</value>
         <object_component_ref idref="oc-8e"/>
      </symbol>
      <symbol id="sm-115">
         <name>HOSTexit</name>
         <value>0x549</value>
         <object_component_ref idref="oc-b9"/>
      </symbol>
      <symbol id="sm-116">
         <name>C$$EXIT</name>
         <value>0x548</value>
         <object_component_ref idref="oc-b9"/>
      </symbol>
      <symbol id="sm-11d">
         <name>__aeabi_memclr</name>
         <value>0x52d</value>
         <object_component_ref idref="oc-63"/>
      </symbol>
      <symbol id="sm-11e">
         <name>__aeabi_memclr4</name>
         <value>0x52d</value>
         <object_component_ref idref="oc-63"/>
      </symbol>
      <symbol id="sm-11f">
         <name>__aeabi_memclr8</name>
         <value>0x52d</value>
         <object_component_ref idref="oc-63"/>
      </symbol>
      <symbol id="sm-12e">
         <name>memset</name>
         <value>0x225</value>
         <object_component_ref idref="oc-ad"/>
      </symbol>
      <symbol id="sm-12f">
         <name>__TI_static_base__</name>
         <value>0x0</value>
      </symbol>
      <symbol id="sm-131">
         <name>__mpu_init</name>
         <value>0x0</value>
      </symbol>
      <symbol id="sm-132">
         <name>_system_post_cinit</name>
         <value>0x0</value>
      </symbol>
   </symbol_table>
   <title>Link successful</title>
</link_info>
